,precision,recall,f1-score,support
gyoza,0.9820359281437125,0.9939393939393939,0.9879518072289156,165.0
khinkali,0.9757575757575757,0.9938271604938271,0.9847094801223242,162.0
manti,0.967741935483871,0.974025974025974,0.970873786407767,154.0
pelmeni,0.9934640522875817,0.9559748427672956,0.9743589743589743,159.0
accuracy,0.9796875,0.9796875,0.9796875,0.9796875
macro avg,0.9797498729181853,0.9794418428066227,0.9794735120294953,640.0
weighted avg,0.9798464028041899,0.9796875,0.9796447250038447,640.0
